ID,Nombre,Estado,Creado,Actualizado,Estado de Compra,Factura,Fecha de factura,Fecha de pago,Moneda,Proveedor,Referencia,Tipo de cambio,Total del documento,Total indirectos,Total moneda ext
9477086575,463,active,2025-06-29T17:21:52Z,2025-07-03T02:24:50Z,,"https://drillcompany.monday.com/protected_static/2306999/resources/2256940325/DRI0209273M1FFA029567.xml, https://drillcompany.monday.com/protected_static/2306999/resources/2256940324/DRI0209273M1FFA029567.pdf",2025-06-02,,,DRILL COMPANY S.A. DE C.V.,FA29567,,,,
9477086628,465,active,2025-06-29T17:21:55Z,2025-07-03T02:24:50Z,,"https://drillcompany.monday.com/protected_static/2306999/resources/2256940600/DRI0209273M1FFA029569.xml, https://drillcompany.monday.com/protected_static/2306999/resources/2256940601/DRI0209273M1FFA029569.pdf",2025-06-02,,,DRILL COMPANY S.A. DE C.V.,FA29569,,,,
9477086714,464,active,2025-06-29T17:22:00Z,2025-07-03T02:24:50Z,,"https://drillcompany.monday.com/protected_static/2306999/resources/2256940700/DRI0209273M1FFA029568.xml, https://drillcompany.monday.com/protected_static/2306999/resources/2256940701/DRI0209273M1FFA029568.pdf",2025-06-02,,,DRILL COMPANY S.A. DE C.V.,FA29568,,,,
9477086768,460,active,2025-06-29T17:22:04Z,2025-07-03T02:24:50Z,,"https://drillcompany.monday.com/protected_static/2306999/resources/2256940787/DRI0209273M1FFA029564.xml, https://drillcompany.monday.com/protected_static/2306999/resources/2256940788/DRI0209273M1FFA029564.pdf",2025-06-02,,,DRILL COMPANY S.A. DE C.V.,FA29564,,,,
9477086821,462,active,2025-06-29T17:22:09Z,2025-07-03T02:24:51Z,,https://drillcompany.monday.com/protected_static/2306999/resources/2256940875/DRI0209273M1FFA029566.xml,2025-06-02,,,DRILL COMPANY S.A. DE C.V.,FA29566,,,,
9477086867,461,active,2025-06-29T17:22:13Z,2025-07-03T02:24:52Z,,"https://drillcompany.monday.com/protected_static/2306999/resources/2256940961/DRI0209273M1FFA029565.xml, https://drillcompany.monday.com/protected_static/2306999/resources/2256940960/DRI0209273M1FFA029565.pdf",2025-06-02,,,DRILL COMPANY S.A. DE C.V.,FA29565,,,,
9477089778,466,active,2025-06-29T17:25:34Z,2025-07-03T02:24:52Z,,"https://drillcompany.monday.com/protected_static/2306999/resources/2256941328/DRI0209273M1FFA029598.xml, https://drillcompany.monday.com/protected_static/2306999/resources/2256941329/DRI0209273M1FFA029598%20(1).pdf",2025-06-03,,,DRILL COMPANY S.A. DE C.V.,FA29598,,,,
9477089836,467,active,2025-06-29T17:25:38Z,2025-07-03T02:24:52Z,,"https://drillcompany.monday.com/protected_static/2306999/resources/2256941409/DRI0209273M1FFA029599.xml, https://drillcompany.monday.com/protected_static/2306999/resources/2256941408/DRI0209273M1FFA029599%20(1).pdf",2025-06-03,,,DRILL COMPANY S.A. DE C.V.,FA29599,,,,
9477089878,468,active,2025-06-29T17:25:43Z,2025-07-03T02:24:53Z,,"https://drillcompany.monday.com/protected_static/2306999/resources/2256941498/DRI0209273M1FFA029600.xml, https://drillcompany.monday.com/protected_static/2306999/resources/2256941499/DRI0209273M1FFA029600%20(1).pdf",2025-06-03,,,DRILL COMPANY S.A. DE C.V.,FA29600,,,,
9477089913,469,active,2025-06-29T17:25:47Z,2025-07-03T02:24:48Z,,"https://drillcompany.monday.com/protected_static/2306999/resources/2256942030/b01c68ce-9441-4360-a3ca-810644fc7311.xml, https://drillcompany.monday.com/protected_static/2306999/resources/2256942031/b01c68ce-9441-4360-a3ca-810644fc7311%20(1).pdf",2025-06-03,,,GUADALUPE POMPOSO DE JESUS,A14890,,,,
9477092381,492,active,2025-06-29T17:28:12Z,2025-07-03T02:24:50Z,,"https://drillcompany.monday.com/protected_static/2306999/resources/2256944150/DRI0209273M1FFA029624%20(1).pdf, https://drillcompany.monday.com/protected_static/2306999/resources/2256944152/DRI0209273M1FFA029624.xml",2025-06-04,,,DRILL COMPANY S.A. DE C.V.,FA29624,,,,
9477092793,472,active,2025-06-29T17:28:50Z,2025-07-03T02:24:51Z,,"https://drillcompany.monday.com/protected_static/2306999/resources/2256944555/DRI0209273M1FFA029660.xml, https://drillcompany.monday.com/protected_static/2306999/resources/2256944556/DRI0209273M1FFA029660%20(1).pdf",2025-06-09,,,DRILL COMPANY S.A. DE C.V.,FA29660,,,,
9477092863,470,active,2025-06-29T17:28:54Z,2025-07-03T02:24:51Z,,"https://drillcompany.monday.com/protected_static/2306999/resources/2256944663/DRI0209273M1FFA029662%20(1).pdf, https://drillcompany.monday.com/protected_static/2306999/resources/2256944664/DRI0209273M1FFA029662.xml",2025-06-09,,,DRILL COMPANY S.A. DE C.V.,FA29662,,,,
9477092954,471,active,2025-06-29T17:28:58Z,2025-07-03T02:24:51Z,,"https://drillcompany.monday.com/protected_static/2306999/resources/2256944824/DRI0209273M1FFA029661.xml, https://drillcompany.monday.com/protected_static/2306999/resources/2256944821/DRI0209273M1FFA029661%20(1).pdf",2025-06-09,,,DRILL COMPANY S.A. DE C.V.,FA29661,,,,
9477095271,473,active,2025-06-29T17:30:42Z,2025-07-03T02:24:51Z,,"https://drillcompany.monday.com/protected_static/2306999/resources/2256945117/DRI0209273M1FFA029663.xml, https://drillcompany.monday.com/protected_static/2306999/resources/2256945116/DRI0209273M1FFA029663%20(1).pdf",2025-06-10,,,DRILL COMPANY S.A. DE C.V.,FA29663,,,,
9477095331,477,active,2025-06-29T17:30:47Z,2025-07-03T02:24:50Z,,"https://drillcompany.monday.com/protected_static/2306999/resources/2256945263/38c29a9f-c461-42fb-ae59-8b907d0f9155.xml, https://drillcompany.monday.com/protected_static/2306999/resources/2256945265/38c29a9f-c461-42fb-ae59-8b907d0f9155.pdf",2025-06-10,,,GUADALUPE POMPOSO DE JESUS,A14948,,,,
9477096543,474,active,2025-06-29T17:32:00Z,2025-07-03T02:24:51Z,,https://drillcompany.monday.com/protected_static/2306999/resources/2256945567/410.pdf,2025-06-12,,,SERVICIOS DE SEGUIMIENTO SATELITAL GEOMOV SPA,N°410,,,,
9477096605,475,active,2025-06-29T17:32:04Z,2025-07-03T02:24:51Z,,https://drillcompany.monday.com/protected_static/2306999/resources/2256945608/409.pdf,2025-06-12,,,SERVICIOS DE SEGUIMIENTO SATELITAL GEOMOV SPA,N°409,,,,
9477097780,488,active,2025-06-29T17:33:05Z,2025-07-03T02:24:51Z,,"https://drillcompany.monday.com/protected_static/2306999/resources/2256946048/DRI0209273M1FFA029729.xml, https://drillcompany.monday.com/protected_static/2306999/resources/2256946047/DRI0209273M1FFA029729.pdf",2025-06-16,,,DRILL COMPANY S.A. DE C.V.,FA29729,,,,
9477097842,489,active,2025-06-29T17:33:08Z,2025-07-03T02:24:52Z,,"https://drillcompany.monday.com/protected_static/2306999/resources/2256946121/DRI0209273M1FFA029725.pdf, https://drillcompany.monday.com/protected_static/2306999/resources/2256946125/DRI0209273M1FFA029725.xml",2025-06-16,,,DRILL COMPANY S.A. DE C.V.,FA29725,,,,
9477097883,490,active,2025-06-29T17:33:13Z,2025-07-03T02:24:52Z,,"https://drillcompany.monday.com/protected_static/2306999/resources/2256946198/DRI0209273M1FFA029721.xml, https://drillcompany.monday.com/protected_static/2306999/resources/2256946197/DRI0209273M1FFA029721.pdf",2025-06-16,,,DRILL COMPANY S.A. DE C.V.,FA29721,,,,
9477097922,487,active,2025-06-29T17:33:17Z,2025-07-03T02:24:51Z,,"https://drillcompany.monday.com/protected_static/2306999/resources/2256946272/DRI0209273M1FFA029730.xml, https://drillcompany.monday.com/protected_static/2306999/resources/2256946273/DRI0209273M1FFA029730.pdf",2025-06-16,,,DRILL COMPANY S.A. DE C.V.,FA29730,,,,
9477098020,491,active,2025-06-29T17:33:22Z,2025-07-03T02:24:51Z,,"https://drillcompany.monday.com/protected_static/2306999/resources/2256946368/DRI0209273M1FFA029719.xml, https://drillcompany.monday.com/protected_static/2306999/resources/2256946367/DRI0209273M1FFA029719.pdf",2025-06-16,,,DRILL COMPANY S.A. DE C.V.,FA29719,,,,
9477100805,485,active,2025-06-29T17:35:48Z,2025-07-03T02:24:51Z,,"https://drillcompany.monday.com/protected_static/2306999/resources/2256946709/DRI0209273M1FFA029738.xml, https://drillcompany.monday.com/protected_static/2306999/resources/2256946710/DRI0209273M1FFA029738.pdf",2025-06-17,,,DRILL COMPANY S.A. DE C.V.,FA29738,,,,
9477100861,484,active,2025-06-29T17:35:53Z,2025-07-03T02:24:51Z,,"https://drillcompany.monday.com/protected_static/2306999/resources/2256946841/DRI0209273M1FFA029737.pdf, https://drillcompany.monday.com/protected_static/2306999/resources/2256946842/DRI0209273M1FFA029737.xml",2025-06-17,,,DRILL COMPANY S.A. DE C.V.,FA29737,,,,
9477100911,486,active,2025-06-29T17:35:57Z,2025-07-03T02:24:51Z,,"https://drillcompany.monday.com/protected_static/2306999/resources/2256946938/DRI0209273M1FFA029739.xml, https://drillcompany.monday.com/protected_static/2306999/resources/2256946937/DRI0209273M1FFA029739.pdf",2025-06-17,,,DRILL COMPANY S.A. DE C.V.,FA29739,,,,
9477100956,481,active,2025-06-29T17:36:01Z,2025-07-03T02:24:52Z,,"https://drillcompany.monday.com/protected_static/2306999/resources/2256947107/DRI0209273M1FFA029749.xml, https://drillcompany.monday.com/protected_static/2306999/resources/2256947108/DRI0209273M1FFA029749.pdf",2025-06-17,,,DRILL COMPANY S.A. DE C.V.,FA29749,,,,
9477101030,483,active,2025-06-29T17:36:05Z,2025-07-03T02:24:51Z,,"https://drillcompany.monday.com/protected_static/2306999/resources/2256947470/DRI0209273M1FFA029736.xml, https://drillcompany.monday.com/protected_static/2306999/resources/2256947469/DRI0209273M1FFA029736.pdf",2025-06-17,,,DRILL COMPANY S.A. DE C.V.,FA29736,,,,
9477101109,482,active,2025-06-29T17:36:11Z,2025-07-03T02:24:51Z,,"https://drillcompany.monday.com/protected_static/2306999/resources/2256947565/DRI0209273M1FFA029748%20(1).xml, https://drillcompany.monday.com/protected_static/2306999/resources/2256947564/DRI0209273M1FFA029748.pdf",2025-06-17,,,DRILL COMPANY S.A. DE C.V.,FA29748,,,,
9477105253,480,active,2025-06-29T17:40:00Z,2025-07-03T02:24:51Z,,"https://drillcompany.monday.com/protected_static/2306999/resources/2256948398/FA029752.xml, https://drillcompany.monday.com/protected_static/2306999/resources/2256948399/FA029752.pdf",2025-06-18,,,DRILL COMPANY S.A. DE C.V.,FA29752,,,,
9477105302,478,active,2025-06-29T17:40:03Z,2025-07-03T02:24:51Z,,"https://drillcompany.monday.com/protected_static/2306999/resources/2256948476/AGR160830TN7-invoice-N-4054Timbrado.xml, https://drillcompany.monday.com/protected_static/2306999/resources/2256948477/AGR160830TN7-invoice-N-4054.pdf",2025-06-18,,,AVIREX GROUP SA DE CV,N4054,,,,
9477105358,479,active,2025-06-29T17:40:07Z,2025-07-03T02:24:51Z,,https://drillcompany.monday.com/protected_static/2306999/resources/2256948560/FA029753.pdf,2025-06-18,,,DRILL COMPANY S.A. DE C.V.,FA29753,,,,
9477110046,476,active,2025-06-29T17:44:30Z,2025-07-03T02:24:52Z,,https://drillcompany.monday.com/protected_static/2306999/resources/2256948778/408.pdf,2025-06-24,,,SERVICIOS DE SEGUIMIENTO SATELITAL GEOMOV SPA,N°408,,,,
9477110977,501,active,2025-06-29T17:45:22Z,2025-07-03T02:24:51Z,,"https://drillcompany.monday.com/protected_static/2306999/resources/2256949631/864fb16c-56c5-4eb0-8ea4-a73c3bb934af.xml, https://drillcompany.monday.com/protected_static/2306999/resources/2256949627/864fb16c-56c5-4eb0-8ea4-a73c3bb934af.pdf",2025-06-25,,,GUADALUPE POMPOSO DE JESUS,A15034,,,,
9477111109,502,active,2025-06-29T17:45:26Z,2025-07-03T02:24:51Z,,"https://drillcompany.monday.com/protected_static/2306999/resources/2256950223/DRI0209273M1FFA029809.xml, https://drillcompany.monday.com/protected_static/2306999/resources/2256950225/DRI0209273M1FFA029809.pdf",2025-06-25,,,DRILL COMPANY S.A. DE C.V.,FA29809,,,,
9477111342,499,active,2025-06-29T17:45:31Z,2025-07-03T02:24:51Z,,"https://drillcompany.monday.com/protected_static/2306999/resources/2256951104/DRI0209273M1FFA029819.xml, https://drillcompany.monday.com/protected_static/2306999/resources/2256951105/DRI0209273M1FFA029819.pdf",2025-06-25,,,DRILL COMPANY S.A. DE C.V.,FA29819,,,,
9477111400,503,active,2025-06-29T17:45:34Z,2025-07-03T02:24:51Z,,"https://drillcompany.monday.com/protected_static/2306999/resources/2256951182/DRI0209273M1FFA029810.xml, https://drillcompany.monday.com/protected_static/2306999/resources/2256951180/DRI0209273M1FFA029810.pdf",2025-06-25,,,DRILL COMPANY S.A. DE C.V.,FA29810,,,,
9477111497,504,active,2025-06-29T17:45:40Z,2025-07-03T02:24:52Z,,"https://drillcompany.monday.com/protected_static/2306999/resources/2256951236/DRI0209273M1FFA029811.xml, https://drillcompany.monday.com/protected_static/2306999/resources/2256951237/DRI0209273M1FFA029811.pdf",2025-06-25,,,DRILL COMPANY S.A. DE C.V.,FA29811,,,,
9477111527,506,active,2025-06-29T17:45:42Z,2025-07-03T02:24:52Z,,"https://drillcompany.monday.com/protected_static/2306999/resources/2256951330/DRI0209273M1FFA029802.pdf, https://drillcompany.monday.com/protected_static/2306999/resources/2256951331/DRI0209273M1FFA029802.xml",2025-06-25,,,DRILL COMPANY S.A. DE C.V.,FA29802,,,,
9477111568,496,active,2025-06-29T17:45:46Z,2025-07-03T02:24:48Z,,"https://drillcompany.monday.com/protected_static/2306999/resources/2256951416/DRI0209273M1FFA029816.xml, https://drillcompany.monday.com/protected_static/2306999/resources/2256951415/DRI0209273M1FFA029816.pdf",2025-06-25,,,DRILL COMPANY S.A. DE C.V.,FA29816,,,,
9477111604,498,active,2025-06-29T17:45:49Z,2025-07-03T02:24:51Z,,"https://drillcompany.monday.com/protected_static/2306999/resources/2256951620/DRI0209273M1FFA029818.xml, https://drillcompany.monday.com/protected_static/2306999/resources/2256951619/DRI0209273M1FFA029818.pdf",2025-06-25,,,DRILL COMPANY S.A. DE C.V.,FA29818,,,,
9477111650,497,active,2025-06-29T17:45:52Z,2025-07-03T02:24:52Z,,"https://drillcompany.monday.com/protected_static/2306999/resources/2256951806/DRI0209273M1FFA029817.xml, https://drillcompany.monday.com/protected_static/2306999/resources/2256951807/DRI0209273M1FFA029817.pdf",2025-06-25,,,DRILL COMPANY S.A. DE C.V.,FA29817,,,,
9477111712,495,active,2025-06-29T17:45:56Z,2025-07-03T02:24:52Z,,https://drillcompany.monday.com/protected_static/2306999/resources/2256951886/DRI0209273M1FFA029814.xml,2025-06-25,,,DRILL COMPANY S.A. DE C.V.,FA29814,,,,
9477111869,505,active,2025-06-29T17:45:59Z,2025-07-03T02:24:52Z,,"https://drillcompany.monday.com/protected_static/2306999/resources/2256951980/DRI0209273M1FFA029801.pdf, https://drillcompany.monday.com/protected_static/2306999/resources/2256951981/DRI0209273M1FFA029801.xml",2025-06-25,,,DRILL COMPANY S.A. DE C.V.,FA29801,,,,
9477111905,500,active,2025-06-29T17:46:03Z,2025-07-03T02:24:52Z,,https://drillcompany.monday.com/protected_static/2306999/resources/2256952121/DRI0209273M1FFA029820.pdf,2025-06-25,,,DRILL COMPANY S.A. DE C.V.,FA29820,,,,
9477111962,493,active,2025-06-29T17:46:07Z,2025-07-03T02:24:52Z,,"https://drillcompany.monday.com/protected_static/2306999/resources/2256952196/DRI0209273M1FFA029827.xml, https://drillcompany.monday.com/protected_static/2306999/resources/2256952197/DRI0209273M1FFA029827.pdf",2025-06-26,,,DRILL COMPANY S.A. DE C.V.,FA29827,,,,
9477112011,494,active,2025-06-29T17:46:11Z,2025-07-03T02:24:53Z,,"https://drillcompany.monday.com/protected_static/2306999/resources/2256952401/DRI0209273M1FFA029826.xml, https://drillcompany.monday.com/protected_static/2306999/resources/2256952402/DRI0209273M1FFA029826.pdf",2025-06-26,,,DRILL COMPANY S.A. DE C.V.,FA29826,,,,
9153659248,381,active,2025-05-15T01:57:52Z,2025-07-03T02:24:48Z,,"https://drillcompany.monday.com/protected_static/2306999/resources/2196300246/DRI0209273M1FFA029260.xml, https://drillcompany.monday.com/protected_static/2306999/resources/2196300265/DRI0209273M1FFA029260.pdf",2025-05-05,,,DRILL COMPANY S.A. DE C.V.,FA29260,,,,
9153659417,382,active,2025-05-15T01:57:57Z,2025-07-03T02:24:48Z,,"https://drillcompany.monday.com/protected_static/2306999/resources/2196301885/DRI0209273M1FFA029261.xml, https://drillcompany.monday.com/protected_static/2306999/resources/2196301884/DRI0209273M1FFA029261.pdf",2025-05-05,,,DRILL COMPANY S.A. DE C.V.,FA29261,,,,
9153659568,383,active,2025-05-15T01:58:01Z,2025-07-03T02:24:48Z,,"https://drillcompany.monday.com/protected_static/2306999/resources/2196302595/DRI0209273M1FFA029263.xml, https://drillcompany.monday.com/protected_static/2306999/resources/2196302594/DRI0209273M1FFA029263.pdf",2025-05-05,,,DRILL COMPANY S.A. DE C.V.,FA29263,,,,
9153659735,384,active,2025-05-15T01:58:06Z,2025-07-03T02:24:48Z,,"https://drillcompany.monday.com/protected_static/2306999/resources/2196303598/DRI0209273M1FFA029265.pdf, https://drillcompany.monday.com/protected_static/2306999/resources/2196303602/DRI0209273M1FFA029265.xml",2025-05-05,,,DRILL COMPANY S.A. DE C.V.,FA29265,,,,
9153659875,385,active,2025-05-15T01:58:09Z,2025-07-03T02:24:47Z,,"https://drillcompany.monday.com/protected_static/2306999/resources/2196304509/DRI0209273M1FFA029285.xml, https://drillcompany.monday.com/protected_static/2306999/resources/2196304512/DRI0209273M1FFA029285.pdf",2025-05-06,,,DRILL COMPANY S.A. DE C.V.,FA29285,,,,
9153659990,386,active,2025-05-15T01:58:14Z,2025-07-03T02:24:48Z,,"https://drillcompany.monday.com/protected_static/2306999/resources/2196305672/DRI0209273M1FFA029296.xml, https://drillcompany.monday.com/protected_static/2306999/resources/2196305673/DRI0209273M1FFA029296.pdf",2025-05-06,,,DRILL COMPANY S.A. DE C.V.,FA29296,,,,
9153660243,387,active,2025-05-15T01:58:22Z,2025-07-03T02:24:48Z,,"https://drillcompany.monday.com/protected_static/2306999/resources/2196308447/DRI0209273M1FFA029295.pdf, https://drillcompany.monday.com/protected_static/2306999/resources/2196308452/DRI0209273M1FFA029295.xml",2025-05-06,,,DRILL COMPANY S.A. DE C.V.,FA29295,,,,
9153660398,388,active,2025-05-15T01:58:28Z,2025-07-03T02:24:48Z,,"https://drillcompany.monday.com/protected_static/2306999/resources/2196309203/DRI0209273M1FFA029294.pdf, https://drillcompany.monday.com/protected_static/2306999/resources/2196309207/DRI0209273M1FFA029294.xml",2025-05-06,,,DRILL COMPANY S.A. DE C.V.,FA29294,,,,
9153660608,389,active,2025-05-15T01:58:36Z,2025-07-03T02:24:48Z,,"https://drillcompany.monday.com/protected_static/2306999/resources/2196309803/DRI0209273M1FFA029292.xml, https://drillcompany.monday.com/protected_static/2306999/resources/2196309802/DRI0209273M1FFA029292.pdf",2025-05-06,,,DRILL COMPANY S.A. DE C.V.,FA29292,,,,
9153660777,390,active,2025-05-15T01:58:42Z,2025-07-03T02:24:52Z,,https://drillcompany.monday.com/protected_static/2306999/resources/2196310785/DRI0209273M1FFA029297.pdf,2025-05-06,,,DRILL COMPANY S.A. DE C.V.,FA29297,,,,
9153661133,391,active,2025-05-15T01:58:53Z,2025-07-03T02:24:47Z,,"https://drillcompany.monday.com/protected_static/2306999/resources/2196311449/DRI0209273M1FFA029307.xml, https://drillcompany.monday.com/protected_static/2306999/resources/2196311452/DRI0209273M1FFA029307.pdf",2025-05-07,,,DRILL COMPANY S.A. DE C.V.,FA29307,,,,
9477025687,397,active,2025-06-29T16:31:46Z,2025-07-03T02:24:49Z,,"https://drillcompany.monday.com/protected_static/2306999/resources/2256926418/6924089c-4d70-4a5d-a451-48178aebd55a.pdf, https://drillcompany.monday.com/protected_static/2306999/resources/2256926419/6924089c-4d70-4a5d-a451-48178aebd55a.xml",2025-05-15,,,GUADALUPE POMPOSO DE JESUS,A14771,,,,
9477026214,398,active,2025-06-29T16:31:51Z,2025-07-03T02:24:49Z,,"https://drillcompany.monday.com/protected_static/2306999/resources/2256927415/DRI0209273M1FFA029335.xml, https://drillcompany.monday.com/protected_static/2306999/resources/2256927414/DRI0209273M1FFA029335.pdf",2025-05-09,,,DRILL COMPANY S.A. DE C.V.,FA29335,,,,
9477029230,399,active,2025-06-29T16:34:44Z,2025-07-03T02:24:52Z,,https://drillcompany.monday.com/protected_static/2306999/resources/2256927488/DRI0209273M1FFA029336.xml,2025-05-09,,,DRILL COMPANY S.A. DE C.V.,FA29336,,,,
9477029658,400,active,2025-06-29T16:35:05Z,2025-07-03T02:24:52Z,,"https://drillcompany.monday.com/protected_static/2306999/resources/2256927540/DRI0209273M1FFA029337.xml, https://drillcompany.monday.com/protected_static/2306999/resources/2256927539/DRI0209273M1FFA029337.pdf",2025-05-09,,,DRILL COMPANY S.A. DE C.V.,FA29337,,,,
9477029982,401,active,2025-06-29T16:35:27Z,2025-07-03T02:24:52Z,,"https://drillcompany.monday.com/protected_static/2306999/resources/2256927628/DRI0209273M1FFA029338.pdf, https://drillcompany.monday.com/protected_static/2306999/resources/2256927629/DRI0209273M1FFA029338.xml",2025-05-09,,,DRILL COMPANY S.A. DE C.V.,FA29338,,,,
9477030402,402,active,2025-06-29T16:35:50Z,2025-07-03T02:24:52Z,,"https://drillcompany.monday.com/protected_static/2306999/resources/2256927710/DRI0209273M1FFA029339.xml, https://drillcompany.monday.com/protected_static/2306999/resources/2256927709/DRI0209273M1FFA029339.pdf",2025-05-09,,,DRILL COMPANY S.A. DE C.V.,FA29339,,,,
9477030666,403,active,2025-06-29T16:36:10Z,2025-07-03T02:24:53Z,,"https://drillcompany.monday.com/protected_static/2306999/resources/2256927332/DRI0209273M1FFA029340.xml, https://drillcompany.monday.com/protected_static/2306999/resources/2256927331/DRI0209273M1FFA029340.pdf",2025-05-09,,,DRILL COMPANY S.A. DE C.V.,FA29340,,,,
9477032525,404,active,2025-06-29T16:38:30Z,2025-07-03T02:24:50Z,,"https://drillcompany.monday.com/protected_static/2306999/resources/2256927907/DRI0209273M1FFA029328.xml, https://drillcompany.monday.com/protected_static/2306999/resources/2256927906/DRI0209273M1FFA029328.pdf",2025-05-08,,,DRILL COMPANY S.A. DE C.V.,FA29328,,,,
9477034186,405,active,2025-06-29T16:40:13Z,2025-07-03T02:24:50Z,,"https://drillcompany.monday.com/protected_static/2306999/resources/2256928546/DRI0209273M1FFA029327.xml, https://drillcompany.monday.com/protected_static/2306999/resources/2256928548/DRI0209273M1FFA029327.pdf",2025-05-08,,,DRILL COMPANY S.A. DE C.V.,FA29327,,,,
9477035848,406,active,2025-06-29T16:42:09Z,2025-07-03T02:24:50Z,,"https://drillcompany.monday.com/protected_static/2306999/resources/2256928761/DRI0209273M1FFA029326.pdf, https://drillcompany.monday.com/protected_static/2306999/resources/2256928760/DRI0209273M1FFA029326.xml",2025-05-08,,,DRILL COMPANY S.A. DE C.V.,FA29326,,,,
9477037739,407,active,2025-06-29T16:44:23Z,2025-07-03T02:24:50Z,,"https://drillcompany.monday.com/protected_static/2306999/resources/2256929191/DRI0209273M1FFA029333.xml, https://drillcompany.monday.com/protected_static/2306999/resources/2256929189/DRI0209273M1FFA029333.pdf",2025-05-09,,,DRILL COMPANY S.A. DE C.V.,FA29333,,,,
9477038762,408,active,2025-06-29T16:45:03Z,2025-07-03T02:24:51Z,,"https://drillcompany.monday.com/protected_static/2306999/resources/2256929349/DRI0209273M1FFA029334.xml, https://drillcompany.monday.com/protected_static/2306999/resources/2256929350/DRI0209273M1FFA029334.pdf",2025-05-09,,,DRILL COMPANY S.A. DE C.V.,FA29334,,,,
9477039643,409,active,2025-06-29T16:45:44Z,2025-07-03T02:24:47Z,,"https://drillcompany.monday.com/protected_static/2306999/resources/2256929597/DRI0209273M1FFA029395.xml, https://drillcompany.monday.com/protected_static/2306999/resources/2256929596/DRI0209273M1FFA029395.pdf",2025-05-14,,,DRILL COMPANY S.A. DE C.V.,FA29395,,,,
9477040715,410,active,2025-06-29T16:47:00Z,2025-07-03T02:24:49Z,,"https://drillcompany.monday.com/protected_static/2306999/resources/2256930032/DRI0209273M1FFA029394.pdf, https://drillcompany.monday.com/protected_static/2306999/resources/2256930031/DRI0209273M1FFA029394.xml",2025-05-14,,,DRILL COMPANY S.A. DE C.V.,FA29394,,,,
9477042409,411,active,2025-06-29T16:48:58Z,2025-07-03T02:24:49Z,,"https://drillcompany.monday.com/protected_static/2306999/resources/2256930139/DRI0209273M1FFA029383.xml, https://drillcompany.monday.com/protected_static/2306999/resources/2256930138/DRI0209273M1FFA029383.pdf",2025-05-14,,,DRILL COMPANY S.A. DE C.V.,FA29383,,,,
9477042847,412,active,2025-06-29T16:49:36Z,2025-07-03T02:24:49Z,,"https://drillcompany.monday.com/protected_static/2306999/resources/2256930271/DRI0209273M1FFA029382.xml, https://drillcompany.monday.com/protected_static/2306999/resources/2256930272/DRI0209273M1FFA029382.pdf",2025-05-14,,,DRILL COMPANY S.A. DE C.V.,FA29382,,,,
9477043654,413,active,2025-06-29T16:50:26Z,2025-07-03T02:24:49Z,,"https://drillcompany.monday.com/protected_static/2306999/resources/2256930448/DRI0209273M1FFA029381.pdf, https://drillcompany.monday.com/protected_static/2306999/resources/2256930447/DRI0209273M1FFA029381.xml",2025-05-14,,,DRILL COMPANY S.A. DE C.V.,FA29381,,,,
9477046775,414,active,2025-06-29T16:52:19Z,2025-07-03T02:24:48Z,,"https://drillcompany.monday.com/protected_static/2306999/resources/2256930889/DRI0209273M1FFA029380.xml, https://drillcompany.monday.com/protected_static/2306999/resources/2256930888/DRI0209273M1FFA029380.pdf",2025-05-14,,,DRILL COMPANY S.A. DE C.V.,FA29380,,,,
9477047487,415,active,2025-06-29T16:53:01Z,2025-07-03T02:24:49Z,,"https://drillcompany.monday.com/protected_static/2306999/resources/2256931036/DRI0209273M1FFA029376.xml, https://drillcompany.monday.com/protected_static/2306999/resources/2256931037/DRI0209273M1FFA029376.pdf",2025-05-13,,,DRILL COMPANY S.A. DE C.V.,FA29376,,,,
9477048306,416,active,2025-06-29T16:53:44Z,2025-07-03T02:24:49Z,,"https://drillcompany.monday.com/protected_static/2306999/resources/2256931248/DRI0209273M1FFA029411.xml, https://drillcompany.monday.com/protected_static/2306999/resources/2256931247/DRI0209273M1FFA029411.pdf",2025-05-15,,,DRILL COMPANY S.A. DE C.V.,FA29411,,,,
9477049167,417,active,2025-06-29T16:54:51Z,2025-07-03T02:24:49Z,,"https://drillcompany.monday.com/protected_static/2306999/resources/2256931635/DRI0209273M1FFA029426.xml, https://drillcompany.monday.com/protected_static/2306999/resources/2256931634/DRI0209273M1FFA029426.pdf",2025-05-19,,,DRILL COMPANY S.A. DE C.V.,FA29426,,,,
9477049201,418,active,2025-06-29T16:54:54Z,2025-07-03T02:24:49Z,,"https://drillcompany.monday.com/protected_static/2306999/resources/2256931715/DRI0209273M1FFA029421.xml, https://drillcompany.monday.com/protected_static/2306999/resources/2256931714/DRI0209273M1FFA029421.pdf",2025-05-19,,,DRILL COMPANY S.A. DE C.V.,FA29421,,,,
9477049252,419,active,2025-06-29T16:54:59Z,2025-07-03T02:24:49Z,,"https://drillcompany.monday.com/protected_static/2306999/resources/2256931781/DRI0209273M1FFA029424.xml, https://drillcompany.monday.com/protected_static/2306999/resources/2256931780/DRI0209273M1FFA029424.pdf",2025-05-19,,,DRILL COMPANY S.A. DE C.V.,FA29424,,,,
9477049402,420,active,2025-06-29T16:55:10Z,2025-07-03T02:24:49Z,,"https://drillcompany.monday.com/protected_static/2306999/resources/2256931881/DRI0209273M1FFA029422.pdf, https://drillcompany.monday.com/protected_static/2306999/resources/2256931882/DRI0209273M1FFA029422.xml",2025-05-19,,,DRILL COMPANY S.A. DE C.V.,FA29422,,,,
9477049426,421,active,2025-06-29T16:55:13Z,2025-07-03T02:24:49Z,,https://drillcompany.monday.com/protected_static/2306999/resources/2256931929/DRI0209273M1FFA029423.pdf,2025-05-19,,,DRILL COMPANY S.A. DE C.V.,FA29423,,,,
9477049458,422,active,2025-06-29T16:55:15Z,2025-07-03T02:24:49Z,,"https://drillcompany.monday.com/protected_static/2306999/resources/2256931976/DRI0209273M1FFA029420.xml, https://drillcompany.monday.com/protected_static/2306999/resources/2256931975/DRI0209273M1FFA029420.pdf",2025-05-19,,,DRILL COMPANY S.A. DE C.V.,FA29420,,,,
9477053037,423,active,2025-06-29T16:58:29Z,2025-07-03T02:24:49Z,,"https://drillcompany.monday.com/protected_static/2306999/resources/2256932220/DRI0209273M1FFA029409.xml, https://drillcompany.monday.com/protected_static/2306999/resources/2256932221/DRI0209273M1FFA029409.pdf",2025-05-15,,,DRILL COMPANY S.A. DE C.V.,FA29409,,,,
9477053088,424,active,2025-06-29T16:58:32Z,2025-07-03T02:24:50Z,,"https://drillcompany.monday.com/protected_static/2306999/resources/2256932360/DRI0209273M1FFA029408.xml, https://drillcompany.monday.com/protected_static/2306999/resources/2256932361/DRI0209273M1FFA029408.pdf",2025-05-15,,,DRILL COMPANY S.A. DE C.V.,FA29408,,,,
9477054170,425,active,2025-06-29T17:00:01Z,2025-07-03T02:24:49Z,,"https://drillcompany.monday.com/protected_static/2306999/resources/2256933131/DRI0209273M1FFA029412.xml, https://drillcompany.monday.com/protected_static/2306999/resources/2256933134/DRI0209273M1FFA029412.pdf",2025-05-16,,,DRILL COMPANY S.A. DE C.V.,FA29412,,,,
9477055778,426,active,2025-06-29T17:00:50Z,2025-07-03T02:24:49Z,,"https://drillcompany.monday.com/protected_static/2306999/resources/2256935205/DRI0209273M1FFA029440.xml, https://drillcompany.monday.com/protected_static/2306999/resources/2256935206/DRI0209273M1FFA029440.pdf",2025-05-20,,,DRILL COMPANY S.A. DE C.V.,FA29440,,,,
9477055924,427,active,2025-06-29T17:00:54Z,2025-07-03T02:24:49Z,,"https://drillcompany.monday.com/protected_static/2306999/resources/2256935391/DRI0209273M1FFA029439.xml, https://drillcompany.monday.com/protected_static/2306999/resources/2256935392/DRI0209273M1FFA029439.pdf",2025-05-20,,,DRILL COMPANY S.A. DE C.V.,FA29439,,,,
9477056104,428,active,2025-06-29T17:00:59Z,2025-07-03T02:24:50Z,,"https://drillcompany.monday.com/protected_static/2306999/resources/2256935468/DRI0209273M1FFA029438.xml, https://drillcompany.monday.com/protected_static/2306999/resources/2256935469/DRI0209273M1FFA029438.pdf",2025-05-20,,,DRILL COMPANY S.A. DE C.V.,FA29438,,,,
9477056254,429,active,2025-06-29T17:01:04Z,2025-07-03T02:24:53Z,,"https://drillcompany.monday.com/protected_static/2306999/resources/2256935551/DRI0209273M1FFA029441.xml, https://drillcompany.monday.com/protected_static/2306999/resources/2256935553/DRI0209273M1FFA029441.pdf",2025-05-20,,,DRILL COMPANY S.A. DE C.V.,FA29441,,,,
9477059487,430,active,2025-06-29T17:03:03Z,2025-07-03T02:24:49Z,,"https://drillcompany.monday.com/protected_static/2306999/resources/2256935897/DRI0209273M1FFA029478.xml, https://drillcompany.monday.com/protected_static/2306999/resources/2256935896/DRI0209273M1FFA029478.pdf",2025-05-23,,,DRILL COMPANY S.A. DE C.V.,FA29478,,,,
9477059560,431,active,2025-06-29T17:03:07Z,2025-07-03T02:24:49Z,,"https://drillcompany.monday.com/protected_static/2306999/resources/2256935966/DRI0209273M1FFA029479.pdf, https://drillcompany.monday.com/protected_static/2306999/resources/2256935967/DRI0209273M1FFA029479.xml",2025-05-23,,,DRILL COMPANY S.A. DE C.V.,FA29479,,,,
9477059628,432,active,2025-06-29T17:03:12Z,2025-07-03T02:24:50Z,,"https://drillcompany.monday.com/protected_static/2306999/resources/2256936031/DRI0209273M1FFA029482.pdf, https://drillcompany.monday.com/protected_static/2306999/resources/2256936030/DRI0209273M1FFA029482.xml",2025-05-23,,,DRILL COMPANY S.A. DE C.V.,FA29482,,,,
9477066014,433,active,2025-06-29T17:04:38Z,2025-07-03T02:24:50Z,,"https://drillcompany.monday.com/protected_static/2306999/resources/2256936436/DRI0209273M1FFA029536.xml, https://drillcompany.monday.com/protected_static/2306999/resources/2256936435/DRI0209273M1FFA029536.pdf",2025-05-28,,,DRILL COMPANY S.A. DE C.V.,FA29536,,,,
9477066133,434,active,2025-06-29T17:04:42Z,2025-07-03T02:24:51Z,,"https://drillcompany.monday.com/protected_static/2306999/resources/2256936489/DRI0209273M1FFA029537.xml, https://drillcompany.monday.com/protected_static/2306999/resources/2256936490/DRI0209273M1FFA029537.pdf",2025-05-28,,,DRILL COMPANY S.A. DE C.V.,FA29537,,,,
9477066220,435,active,2025-06-29T17:04:46Z,2025-07-03T02:24:51Z,,"https://drillcompany.monday.com/protected_static/2306999/resources/2256936575/DRI0209273M1FFA029538.xml, https://drillcompany.monday.com/protected_static/2306999/resources/2256936574/DRI0209273M1FFA029538.pdf",2025-05-28,,,DRILL COMPANY S.A. DE C.V.,FA29538,,,,
9477066308,436,active,2025-06-29T17:04:50Z,2025-07-03T02:24:51Z,,"https://drillcompany.monday.com/protected_static/2306999/resources/2256936619/DRI0209273M1FFA029539.xml, https://drillcompany.monday.com/protected_static/2306999/resources/2256936620/DRI0209273M1FFA029539.pdf",2025-05-28,,,DRILL COMPANY S.A. DE C.V.,FA29539,,,,
9477071631,437,active,2025-06-29T17:06:53Z,2025-07-03T02:24:52Z,,"https://drillcompany.monday.com/protected_static/2306999/resources/2256937089/DRI0209273M1FFA029547.xml, https://drillcompany.monday.com/protected_static/2306999/resources/2256937088/DRI0209273M1FFA029547.pdf",2025-05-29,,,DRILL COMPANY S.A. DE C.V.,FA29547,,,,
9477071696,438,active,2025-06-29T17:06:57Z,2025-07-03T02:24:52Z,,"https://drillcompany.monday.com/protected_static/2306999/resources/2256937342/DRI0209273M1FFA029546.xml, https://drillcompany.monday.com/protected_static/2306999/resources/2256937341/DRI0209273M1FFA029546.pdf",2025-05-29,,,DRILL COMPANY S.A. DE C.V.,FA29546,,,,
